Date,S&P500,KOSPI200
2008-01-02,1447.16,235.3
2008-01-03,1447.16,234.67
2008-01-04,1411.63,235.77
2008-01-07,1416.18,231
2008-01-08,1390.19,230.34
2008-01-09,1409.13,232.53
2008-01-10,1420.33,229.47
2008-01-11,1401.02,224.41
2008-01-14,1416.25,222.81
2008-01-15,1380.95,220.91
2008-01-16,1373.2,215.87
2008-01-17,1333.25,218.83
2008-01-18,1325.19,219.87
2008-01-21,1325.19,213.6
2008-01-22,1310.5,204.55
2008-01-23,1338.6,207.23
2008-01-24,1352.07,211.2
2008-01-25,1330.61,215.06
2008-01-28,1353.96,206.52
2008-01-29,1362.3,208.8
2008-01-30,1355.81,203.5
2008-01-31,1378.55,207.77
2008-02-01,1395.42,209.08
2008-02-04,1380.82,216.23
2008-02-05,1336.64,216.91
2008-02-06,1326.45,216.91
2008-02-07,1336.91,216.91
2008-02-08,1331.29,216.91
2008-02-11,1339.13,208.92
2008-02-12,1348.86,209.01
2008-02-13,1367.21,207.56
2008-02-14,1348.86,216.2
2008-02-15,1349.99,215.38
2008-02-18,1349.99,215.46
2008-02-19,1348.78,218.37
2008-02-20,1360.03,213.84
2008-02-21,1342.53,216.38
2008-02-22,1353.11,213.73
2008-02-25,1371.8,217.07
2008-02-26,1381.29,217.22
2008-02-27,1380.02,218.87
2008-02-28,1367.68,220.59
2008-02-29,1330.63,216.85
2008-03-03,1331.34,211.73
2008-03-04,1326.75,212.14
2008-03-05,1333.7,212.14
2008-03-06,1304.34,214.92
2008-03-07,1293.37,210.57
2008-03-10,1273.37,206.29
2008-03-11,1320.65,208.06
2008-03-12,1308.77,210.49
2008-03-13,1315.48,204.42
2008-03-14,1288.14,202.63
2008-03-17,1276.6,199.68
2008-03-18,1330.74,201.79
2008-03-19,1298.42,206.48
2008-03-20,1329.51,206.62
2008-03-21,1329.51,209.69
2008-03-24,1349.88,211
2008-03-25,1352.99,213.73
2008-03-26,1341.13,214.41
2008-03-27,1325.76,213.85
2008-03-28,1315.22,217.22
2008-03-31,1322.7,217.65
2008-04-01,1370.18,217.81
2008-04-02,1367.53,223.76
2008-04-03,1369.31,226.99
2008-04-04,1370.4,226.95
2008-04-07,1372.54,227.79
2008-04-08,1365.54,225.1
2008-04-09,1354.49,225.1
2008-04-10,1360.55,226.44
2008-04-11,1332.83,228.8
2008-04-14,1328.32,224.54
2008-04-15,1334.43,223.51
2008-04-16,1364.71,225.36
2008-04-17,1365.56,226.98
2008-04-18,1390.33,227.25
2008-04-21,1388.17,231.11
2008-04-22,1375.94,229.22
2008-04-23,1379.93,230.56
2008-04-24,1388.82,230.77
2008-04-25,1397.84,234.56
2008-04-28,1396.37,234.97
2008-04-29,1390.94,233.24
2008-04-30,1385.59,235
2008-05-01,1409.34,235
2008-05-02,1413.9,238.18
2008-05-05,1407.49,238.18
2008-05-06,1418.26,239.53
2008-05-07,1392.57,238.66
2008-05-08,1397.68,237.37
2008-05-09,1388.28,233.98
2008-05-12,1403.58,233.98
2008-05-13,1403.04,237.02
2008-05-14,1408.66,237.04
2008-05-15,1423.57,243.11
2008-05-16,1425.35,243.54
2008-05-19,1426.63,242.67
2008-05-20,1413.4,240.62
2008-05-21,1390.71,237.15
2008-05-22,1394.35,235.31
2008-05-23,1375.93,234.14
2008-05-26,1375.93,230.43
2008-05-27,1385.35,233.97
2008-05-28,1390.84,231.17
2008-05-29,1398.26,236.39
2008-05-30,1400.38,237.46
2008-06-02,1385.67,236.78
2008-06-03,1377.65,233.14
2008-06-04,1377.2,235.09
2008-06-05,1404.05,234.76
2008-06-06,1360.68,234.76
2008-06-09,1361.76,231.35
2008-06-10,1358.44,226.56
2008-06-11,1335.49,227.42
2008-06-12,1339.87,221.17
2008-06-13,1357.5,222.79
2008-06-16,1360.14,224.91
2008-06-17,1350.93,223.66
2008-06-18,1337.81,226.6
2008-06-19,1342.83,222.03
2008-06-20,1317.93,220.57
2008-06-23,1318,218.51
2008-06-24,1314.29,217.97
2008-06-25,1321.97,218.95
2008-06-26,1283.15,219.12
2008-06-27,1278.38,214.59
2008-06-30,1280,213.52
2008-07-01,1284.91,213.02
2008-07-02,1261.52,207.96
2008-07-03,1262.9,205.71
2008-07-04,1262.9,201.74
2008-07-07,1252.31,202.34
2008-07-08,1273.69,196.52
2008-07-09,1244.68,194.61
2008-07-10,1253.39,196.34
2008-07-11,1239.49,200.12
2008-07-14,1228.3,199.12
2008-07-15,1214.91,193.01
2008-07-16,1245.36,192.48
2008-07-17,1260.31,194.89
2008-07-18,1260.68,192.86
2008-07-21,1260,200
2008-07-22,1277,199.77
2008-07-23,1282.18,203.64
2008-07-24,1252.54,208.34
2008-07-25,1257.76,204.27
2008-07-28,1234.37,203.97
2008-07-29,1263.19,199.9
2008-07-30,1284.26,201.82
2008-07-31,1267.38,204.12
2008-08-01,1260.31,201.43
2008-08-04,1249.01,197.56
2008-08-05,1284.88,196.44
2008-08-06,1289.18,202.28
2008-08-07,1266.06,200.31
2008-08-08,1296.31,200.76
2008-08-11,1305.31,203.2
2008-08-12,1289.59,202.12
2008-08-13,1285.82,200.26
2008-08-14,1292.93,201.5
2008-08-15,1298.19,201.5
2008-08-18,1278.6,200.97
2008-08-19,1266.68,197.56
2008-08-20,1274.54,197.35
2008-08-21,1277.72,193.85
2008-08-22,1292.19,192.04
2008-08-25,1266.84,192.99
2008-08-26,1271.51,191.36
2008-08-27,1281.66,191.6
2008-08-28,1300.68,188.75
2008-08-29,1282.82,188.96
2008-09-01,1282.82,182.13
2008-09-02,1277.57,182.41
2008-09-03,1274.98,184.36
2008-09-04,1236.82,183.57
2008-09-05,1242.31,180.49
2008-09-08,1267.79,189.97
2008-09-09,1224.51,186.99
2008-09-10,1232.04,188.5
2008-09-11,1249.05,185.27
2008-09-12,1251.69,189.9
2008-09-15,1192.69,189.9
2008-09-16,1213.6,179
2008-09-17,1156.39,183.54
2008-09-18,1206.51,179.25
2008-09-19,1255.07,188.31
2008-09-22,1207.09,189.16
2008-09-23,1188.22,191.58
2008-09-24,1185.87,193.18
2008-09-25,1209.18,193.87
2008-09-26,1213.27,190.6
2008-09-29,1106.42,188.1
2008-09-30,1164.74,186.62
2008-10-01,1161.06,185.52
2008-10-02,1114.28,185.52
2008-10-03,1099.23,185.52
2008-10-06,1056.89,175.03
2008-10-07,996.23,176.46
2008-10-08,984.94,167.16
2008-10-09,909.92,168.86
2008-10-10,899.22,162.05
2008-10-13,1003.35,167.91
2008-10-14,998.01,178.15
2008-10-15,907.84,174.28
2008-10-16,946.43,157.63
2008-10-17,940.55,153.06
2008-10-20,985.4,157.51
2008-10-21,955.05,155.8
2008-10-22,896.78,148.13
2008-10-23,908.11,137.47
2008-10-24,876.77,123.27
2008-10-27,848.92,125.93
2008-10-28,940.51,132.42
2008-10-29,930.09,128.68
2008-10-30,954.09,144.42
2008-10-31,968.75,147.5
2008-11-03,966.3,148.81
2008-11-04,1005.75,151.63
2008-11-05,952.77,154.93
2008-11-06,904.88,143.37
2008-11-07,930.99,148.44
2008-11-10,919.21,150.84
2008-11-11,898.95,147.67
2008-11-12,852.3,147.27
2008-11-13,911.29,142.7
2008-11-14,873.29,142.26
2008-11-17,850.75,140.57
2008-11-18,859.12,134.88
2008-11-19,806.58,132.33
2008-11-20,752.44,123.54
2008-11-21,800.03,130.76
2008-11-24,851.81,126.02
2008-11-25,857.39,128.01
2008-11-26,887.68,134.5
2008-11-27,887.68,139.17
2008-11-28,896.24,140.66
2008-12-01,816.21,138.35
2008-12-02,848.81,133.7
2008-12-03,870.74,133.62
2008-12-04,845.22,131.43
2008-12-05,876.07,134.33
2008-12-08,909.7,144.89
2008-12-09,888.67,145.2
2008-12-10,899.24,150.73
2008-12-11,873.59,151.93
2008-12-12,879.73,144.38
2008-12-15,868.57,151.43
2008-12-16,913.18,151.35
2008-12-17,904.42,152.62
2008-12-18,885.28,153.24
2008-12-19,887.88,154.1
2008-12-22,871.63,153.98
2008-12-23,863.16,148.93
2008-12-24,865.02,147.02
2008-12-26,872.8,145.81
2008-12-29,869.42,145.72
2008-12-30,890.64,146.35
2008-12-31,903.25,146.35
2009-01-02,931.8,151.15
2009-01-05,927.45,153.83
2009-01-06,934.7,156.79
2009-01-07,906.65,161.36
2009-01-08,909.73,157.76
2009-01-09,890.35,154.17
2009-01-12,870.26,151.01
2009-01-13,871.79,152.45
2009-01-14,842.62,154.5
2009-01-15,843.74,145.05
2009-01-16,850.12,148.03
2009-01-19,850.12,150.02
2009-01-20,805.22,146.55
2009-01-21,840.24,143.29
2009-01-22,827.5,145.11
2009-01-23,831.95,141.75
2009-01-26,836.57,141.75
2009-01-27,845.71,141.75
2009-01-28,874.09,151.04
2009-01-29,845.14,152.29
2009-01-30,825.88,151.33
2009-02-02,825.44,149
2009-02-03,838.51,151.42
2009-02-04,832.23,155.99
2009-02-05,845.85,154
2009-02-06,868.6,158.9
2009-02-09,869.89,157.7
2009-02-10,827.16,156.84
2009-02-11,833.74,155.26
2009-02-12,835.19,153.66
2009-02-13,826.84,155.19
2009-02-16,826.84,152.66
2009-02-17,789.17,146.6
2009-02-18,788.42,144.21
2009-02-19,778.94,143.6
2009-02-20,770.05,138.31
2009-02-23,743.33,142.78
2009-02-24,773.14,137.82
2009-02-25,764.9,138.65
2009-02-26,752.83,136.98
2009-02-27,735.09,138.07
2009-03-02,700.82,132.47
2009-03-03,696.33,133.78
2009-03-04,712.87,138.21
2009-03-05,682.55,138.25
2009-03-06,683.38,137.83
2009-03-09,676.53,140
2009-03-10,719.6,142.73
2009-03-11,721.36,147.6
2009-03-12,750.74,148.02
2009-03-13,756.55,147.29
2009-03-16,753.89,147
2009-03-17,778.12,152.17
2009-03-18,794.35,152.89
2009-03-19,784.04,151.51
2009-03-20,768.54,152.58
2009-03-23,822.92,156.42
2009-03-24,806.25,159.56
2009-03-25,813.88,160.28
2009-03-26,832.86,162.22
2009-03-27,815.94,161.66
2009-03-30,787.53,156.23
2009-03-31,797.87,157.01
2009-04-01,811.08,160.46
2009-04-02,834.38,166.18
2009-04-03,842.5,167.11
2009-04-06,835.48,168.62
2009-04-07,815.55,168.34
2009-04-08,825.16,162.68
2009-04-09,856.56,169.48
2009-04-10,856.56,172.01
2009-04-13,858.73,171.69
2009-04-14,841.5,172.03
2009-04-15,852.06,171.21
2009-04-16,865.3,171.73
2009-04-17,869.6,171.33
2009-04-20,832.39,172.3
2009-04-21,850.08,171.96
2009-04-22,843.55,174.4
2009-04-23,851.92,176.14
2009-04-24,866.23,174.13
2009-04-27,857.51,172.13
2009-04-28,855.16,167.24
2009-04-29,873.64,172.08
2009-04-30,872.81,176
2009-05-01,877.52,176
2009-05-04,907.24,179.69
2009-05-05,903.8,179.69
2009-05-06,919.53,178.82
2009-05-07,907.39,179.74
2009-05-08,929.23,181.04
2009-05-11,909.24,181.35
2009-05-12,908.35,179.73
2009-05-13,883.92,181.14
2009-05-14,893.07,176.29
2009-05-15,882.88,177.8
2009-05-18,909.71,177.26
2009-05-19,908.13,182.76
2009-05-20,903.47,183.8
2009-05-21,888.33,181.82
2009-05-22,887,179.01
2009-05-25,887,178.57
2009-05-26,910.33,174.77
2009-05-27,893.06,173.75
2009-05-28,906.83,178.19
2009-05-29,919.14,178.7
2009-06-01,942.87,180.9
2009-06-02,944.74,180.47
2009-06-03,931.76,180.31
2009-06-04,942.46,175.75
2009-06-05,940.09,177.77
2009-06-08,939.14,177.67
2009-06-09,942.43,174.91
2009-06-10,939.15,180.91
2009-06-11,944.89,181.43
2009-06-12,946.21,182.69
2009-06-15,923.72,180.66
2009-06-16,911.97,178.88
2009-06-17,910.71,177.8
2009-06-18,918.37,175.54
2009-06-19,921.23,176.63
2009-06-22,893.04,179.02
2009-06-23,895.1,174.32
2009-06-24,900.94,175.08
2009-06-25,920.26,178.86
2009-06-26,918.9,179.28
2009-06-29,927.23,178.81
2009-06-30,919.32,178.99
2009-07-01,923.33,181.95
2009-07-02,896.42,181.85
2009-07-03,896.42,182.92
2009-07-06,898.72,184.5
2009-07-07,881.03,185.11
2009-07-08,879.56,184.73
2009-07-09,882.68,184.72
2009-07-10,879.13,184.56
2009-07-13,901.05,178.15
2009-07-14,905.84,179.43
2009-07-15,932.68,184.26
2009-07-16,940.74,186.22
2009-07-17,940.38,187.16
2009-07-20,951.13,192.25
2009-07-21,954.58,193.62
2009-07-22,954.07,194.29
2009-07-23,976.29,194.4
2009-07-24,979.26,195.13
2009-07-27,982.18,198.07
2009-07-28,979.62,198.52
2009-07-29,975.15,198.24
2009-07-30,986.75,199.88
2009-07-31,987.48,202.96
2009-08-03,1002.63,203.81
2009-08-04,1005.65,204.1
2009-08-05,1002.72,203.19
2009-08-06,997.08,203.74
2009-08-07,1010.48,204.95
2009-08-10,1007.1,204.77
2009-08-11,1007.1,204.96
2009-08-12,1005.81,202.67
2009-08-13,1012.73,202.46
2009-08-14,1004.09,206.46
2009-08-17,979.73,200.52
2009-08-18,989.67,201.33
2009-08-19,996.46,201.08
2009-08-20,1007.37,205.22
2009-08-21,1026.13,206.26
2009-08-24,1025.56,210.6
2009-08-25,1028,209.12
2009-08-26,1028.12,210.62
2009-08-27,1030.98,208.62
2009-08-28,1028.93,209.74
2009-08-31,1020.62,207.44
2009-09-01,998.04,211.89
2009-09-02,994.75,210.51
2009-09-03,1003.24,210.6
2009-09-04,1016.4,209.81
2009-09-07,1016.4,209.73
2009-09-08,1025.39,211.4
2009-09-09,1033.37,210.09
2009-09-10,1044.14,214.92
2009-09-11,1042.73,215.81
2009-09-14,1049.34,213.42
2009-09-15,1052.63,216.14
2009-09-16,1068.76,220.53
2009-09-17,1065.49,222.31
2009-09-18,1068.3,222.34
2009-09-21,1064.66,221.85
2009-09-22,1071.66,225.27
2009-09-23,1060.87,224.69
2009-09-24,1050.78,222.35
2009-09-25,1044.38,221.82
2009-09-28,1062.98,219.66
2009-09-29,1060.61,221.59
2009-09-30,1057.07,219.75
2009-10-01,1029.85,215.94
2009-10-02,1025.21,215.94
2009-10-05,1040.46,210.38
2009-10-06,1054.72,209.25
2009-10-07,1057.57,208.94
2009-10-08,1065.48,211.01
2009-10-09,1071.49,215.57
2009-10-12,1076.18,214.23
2009-10-13,1073.18,213.1
2009-10-14,1092.02,215.9
2009-10-15,1096.56,217.47
2009-10-16,1087.68,214.91
2009-10-19,1097.91,216.19
2009-10-20,1091.06,217.53
2009-10-21,1081.4,216.64
2009-10-22,1092.91,213.25
2009-10-23,1079.6,214.73
2009-10-26,1066.94,217.45
2009-10-27,1063.41,216.47
2009-10-28,1042.63,211.03
2009-10-29,1066.11,207.68
2009-10-30,1036.18,206.81
2009-11-02,1042.88,204.25
2009-11-03,1045.41,203.13
2009-11-04,1046.5,207.18
2009-11-05,1066.63,203.52
2009-11-06,1069.3,206.53
2009-11-09,1093.07,207.29
2009-11-10,1093.01,208.23
2009-11-11,1098.51,210.08
2009-11-12,1087.24,206.67
2009-11-13,1093.48,206.84
2009-11-16,1109.3,209.9
2009-11-17,1110.31,209
2009-11-18,1109.8,211.56
2009-11-19,1094.9,213.89
2009-11-20,1091.38,213.76
2009-11-23,1106.24,213.72
2009-11-24,1105.65,211.92
2009-11-25,1110.63,212.61
2009-11-26,1110.63,210.77
2009-11-27,1091.49,200.73
2009-11-30,1095.63,204.75
2009-12-01,1108.86,207.07
2009-12-02,1109.24,210.25
2009-12-03,1099.92,213.31
2009-12-04,1105.98,214.5
2009-12-07,1103.25,215.55
2009-12-08,1091.93,214.91
2009-12-09,1095.94,215.75
2009-12-10,1102.35,218.73
2009-12-11,1106.41,218.77
2009-12-14,1114.11,219.51
2009-12-15,1107.93,219.6
2009-12-16,1109.18,219.32
2009-12-17,1096.07,216.9
2009-12-18,1102.47,216.68
2009-12-21,1114.05,216.2
2009-12-22,1118.02,217.87
2009-12-23,1120.59,218.95
2009-12-24,1126.48,221.67
2009-12-28,1127.78,222.03
2009-12-29,1126.19,220.34
2009-12-30,1126.42,221.86
2009-12-31,1115.1,221.86
2010-01-04,1132.99,223.49
2010-01-05,1136.52,222.84
2010-01-06,1137.14,224.67
2010-01-07,1141.68,221.31
2010-01-08,1144.98,222.66
2010-01-11,1146.98,222.23
2010-01-12,1136.22,223.04
2010-01-13,1145.68,219.17
2010-01-14,1148.46,221.19
2010-01-15,1136.03,223.21
2010-01-18,1136.03,224.38
2010-01-19,1150.23,224.13
2010-01-20,1138.04,224.83
2010-01-21,1116.48,226.16
2010-01-22,1091.76,220.68
2010-01-25,1096.78,219.33
2010-01-26,1092.17,214.89
2010-01-27,1097.5,213.02
2010-01-28,1084.53,215.67
2010-01-29,1073.87,210.34
2010-02-01,1089.18,210.76
2010-02-02,1103.31,209.27
2010-02-03,1097.28,211.86
2010-02-04,1063.11,211.72
2010-02-05,1066.18,205.06
2010-02-08,1056.74,203.37
2010-02-09,1070.52,206.01
2010-02-10,1068.13,205.94
2010-02-11,1078.47,209.73
2010-02-12,1075.51,208.74
2010-02-16,1094.87,209.73
2010-02-17,1099.51,213.44
2010-02-18,1106.75,212.55
2010-02-19,1109.17,208.7
2010-02-22,1108.01,213.28
2010-02-23,1094.6,213.45
2010-02-24,1105.24,210.92
2010-02-25,1102.93,207.56
2010-02-26,1104.49,208.36
2010-03-01,1115.71,208.36
2010-03-02,1118.31,211.44
2010-03-03,1118.79,212.36
2010-03-04,1122.97,211.91
2010-03-05,1138.69,214.05
2010-03-08,1138.5,217.73
2010-03-09,1140.44,217.82
2010-03-10,1145.61,217.82
2010-03-11,1150.24,216.76
2010-03-12,1149.99,217.35
2010-03-15,1150.51,215.49
2010-03-16,1159.46,215.25
2010-03-17,1166.21,220.28
2010-03-18,1165.82,219.02
2010-03-19,1159.9,220.48
2010-03-22,1165.81,218.52
2010-03-23,1174.17,220.09
2010-03-24,1167.72,220.09
2010-03-25,1165.73,221.07
2010-03-26,1166.59,222.25
2010-03-29,1173.22,221.6
2010-03-30,1173.27,222.48
2010-03-31,1169.43,221.58
2010-04-01,1178.1,225.47
2010-04-02,1178.1,226.69
2010-04-05,1187.43,227.48
2010-04-06,1189.43,227.51
2010-04-07,1182.44,227.31
2010-04-08,1186.43,228.27
2010-04-09,1194.37,226.81
2010-04-12,1196.48,224.59
2010-04-13,1197.3,224.69
2010-04-14,1210.65,228.08
2010-04-15,1211.67,229.17
2010-04-16,1192.13,227.69
2010-04-19,1197.52,223.65
2010-04-20,1207.17,225.13
2010-04-21,1205.93,229.09
2010-04-22,1208.67,227.76
2010-04-23,1217.28,227.36
2010-04-26,1212.05,229.64
2010-04-27,1183.71,229.28
2010-04-28,1191.36,226.98
2010-04-29,1206.78,226.11
2010-04-30,1186.68,227.95
2010-05-03,1202.26,225.1
2010-05-04,1173.6,224.76
2010-05-05,1165.87,224.76
2010-05-06,1128.15,220.21
2010-05-07,1110.88,215.09
2010-05-10,1159.73,219.1
2010-05-11,1155.79,217.63
2010-05-12,1171.67,216.78
2010-05-13,1157.43,220.8
2010-05-14,1135.68,221.08
2010-05-17,1136.94,215.36
2010-05-18,1120.8,214.42
2010-05-19,1115.05,212.43
2010-05-20,1071.59,208.78
2010-05-21,1087.69,208.78
2010-05-24,1073.65,210.27
2010-05-25,1074.03,204.83
2010-05-26,1067.95,206.62
2010-05-27,1103.06,209.83
2010-05-28,1089.41,212.1
2010-05-31,1089.41,214.34
2010-06-01,1070.71,213.02
2010-06-02,1098.38,213.02
2010-06-03,1102.83,217.58
2010-06-04,1064.88,218.03
2010-06-07,1050.47,214.38
2010-06-08,1062,216.08
2010-06-09,1055.69,215.26
2010-06-10,1086.84,215.73
2010-06-11,1091.6,219.22
2010-06-14,1089.63,221.43
2010-06-15,1115.23,221.34
2010-06-16,1114.61,223.34
2010-06-17,1116.04,223.45
2010-06-18,1117.51,223.77
2010-06-21,1113.2,227.69
2010-06-22,1095.31,226.45
2010-06-23,1092.04,225.59
2010-06-24,1073.69,227.45
2010-06-25,1076.76,225.63
2010-06-28,1074.57,225.55
2010-06-29,1041.24,222.54
2010-06-30,1030.71,220.85
2010-07-01,1027.37,218.65
2010-07-02,1022.58,217.01
2010-07-05,1022.58,217.47
2010-07-06,1028.06,219.12
2010-07-07,1060.27,217.45
2010-07-08,1070.25,220.78
2010-07-09,1077.96,224.44
2010-07-12,1078.75,225.86
2010-07-13,1095.34,226.14
2010-07-14,1095.17,229.27
2010-07-15,1096.48,228.39
2010-07-16,1064.88,226.34
2010-07-19,1071.25,225.32
2010-07-20,1083.48,225.84
2010-07-21,1069.59,227.88
2010-07-22,1093.67,226.23
2010-07-23,1102.66,229.5
2010-07-26,1115.01,230.87
2010-07-27,1113.84,230.93
2010-07-28,1106.13,231.56
2010-07-29,1101.53,231.16
2010-07-30,1101.6,229.25
2010-08-02,1125.86,232.22
2010-08-03,1120.46,233.38
2010-08-04,1127.24,233.14
2010-08-05,1125.81,232.39
2010-08-06,1121.64,232.35
2010-08-09,1127.79,233.14
2010-08-10,1121.06,232.04
2010-08-11,1089.47,228.98
2010-08-12,1083.61,223.96
2010-08-13,1079.25,227.01
2010-08-16,1079.38,226.51
2010-08-17,1092.54,227.96
2010-08-18,1094.16,228.9
2010-08-19,1075.63,231.88
2010-08-20,1071.69,231.17
2010-08-23,1067.36,230.2
2010-08-24,1051.87,229.42
2010-08-25,1055.33,225.99
2010-08-26,1047.22,225.39
2010-08-27,1064.59,225.52
2010-08-30,1048.92,229.63
2010-08-31,1049.33,226.81
2010-09-01,1080.29,229.41
2010-09-02,1090.1,230.66
2010-09-03,1104.51,231.04
2010-09-06,1104.51,232.77
2010-09-07,1091.84,232.45
2010-09-08,1098.87,230.94
2010-09-09,1104.18,231.53
2010-09-10,1109.55,233.93
2010-09-13,1121.9,236.34
2010-09-14,1121.1,235.98
2010-09-15,1125.07,237.14
2010-09-16,1124.66,235.37
2010-09-17,1125.59,237.64
2010-09-20,1142.71,238.29
2010-09-21,1139.78,238.29
2010-09-22,1134.28,238.29
2010-09-23,1124.83,238.29
2010-09-24,1148.67,239.8
2010-09-27,1142.16,241.38
2010-09-28,1147.7,240.59
2010-09-29,1144.73,242.27
2010-09-30,1141.2,242.95
2010-10-01,1146.24,243.49
2010-10-04,1137.03,243.99
2010-10-05,1160.75,244.22
2010-10-06,1159.97,247.7
2010-10-07,1158.06,247.22
2010-10-08,1165.15,246.51
2010-10-11,1165.32,245.44
2010-10-12,1169.77,242.35
2010-10-13,1178.1,242.99
2010-10-14,1173.81,246.25
2010-10-15,1176.19,246.56
2010-10-18,1184.71,242.64
2010-10-19,1165.9,240.11
2010-10-20,1178.17,241.79
2010-10-21,1180.26,242.53
2010-10-22,1183.08,245.84
2010-10-25,1185.62,248.16
2010-10-26,1185.64,248.38
2010-10-27,1182.45,246.61
2010-10-28,1183.78,246.41
2010-10-29,1183.26,242.98
2010-11-01,1184.38,247.41
2010-11-02,1193.57,247.93
2010-11-03,1197.96,249.99
2010-11-04,1221.06,251.12
2010-11-05,1225.85,251.22
2010-11-08,1223.25,251.73
2010-11-09,1213.4,252.07
2010-11-10,1218.71,255.13
2010-11-11,1213.54,247.51
2010-11-12,1199.21,248.35
2010-11-15,1197.75,249.22
2010-11-16,1178.34,247.84
2010-11-17,1178.59,247.3
2010-11-18,1196.69,251.15
2010-11-19,1199.73,253.04
2010-11-22,1197.84,254
2010-11-23,1180.73,252.12
2010-11-24,1198.35,252.38
2010-11-25,1198.35,252.45
2010-11-26,1189.4,249.31
2010-11-29,1187.76,248.92
2010-11-30,1180.55,249.64
2010-12-01,1206.07,252.8
2010-12-02,1221.53,256.02
2010-12-03,1224.71,257.65
2010-12-06,1223.12,257.32
2010-12-07,1223.75,258.63
2010-12-08,1228.28,257.51
2010-12-09,1233,262.32
2010-12-10,1240.4,261.74
2010-12-13,1240.46,263.31
2010-12-14,1241.59,265.13
2010-12-15,1235.23,265.95
2010-12-16,1242.87,264.92
2010-12-17,1243.91,267.67
2010-12-20,1247.08,267.42
2010-12-21,1254.6,269.31
2010-12-22,1258.84,269.6
2010-12-23,1256.77,269.62
2010-12-24,1256.77,268.5
2010-12-27,1257.54,267.35
2010-12-28,1258.51,269.04
2010-12-29,1259.78,270.44
2010-12-30,1257.88,271.19
2010-12-31,1257.64,271.19
2011-01-03,1271.89,273.81
2011-01-04,1270.2,275.78
2011-01-05,1276.56,275.35
2011-01-06,1273.85,274.72
2011-01-07,1271.5,275.61
2011-01-10,1269.75,273.99
2011-01-11,1274.48,275.1
2011-01-12,1285.96,276.17
2011-01-13,1283.76,275.52
2011-01-14,1293.24,278.17
2011-01-17,1293.24,277.05
2011-01-18,1295.02,276.6
2011-01-19,1281.92,279.25
2011-01-20,1280.26,277.75
2011-01-21,1283.35,272.67
2011-01-24,1290.84,274.5
2011-01-25,1291.18,275.18
2011-01-26,1296.63,278.81
2011-01-27,1299.54,279.2
2011-01-28,1276.34,278.45
2011-01-31,1286.12,273.12
2011-02-01,1307.59,273.45
2011-02-02,1304.03,273.45
2011-02-03,1307.1,273.45
2011-02-04,1310.87,273.45
2011-02-07,1319.05,274.9
2011-02-08,1324.57,273.16
2011-02-09,1320.88,269.9
2011-02-10,1321.87,264.57
2011-02-11,1329.15,260.4
2011-02-14,1332.32,266.02
2011-02-15,1328.01,265.4
2011-02-16,1336.32,262.56
2011-02-17,1340.43,261.23
2011-02-18,1343.01,265.8
2011-02-21,1343.01,264.55
2011-02-22,1315.44,260.13
2011-02-23,1307.4,259.21
2011-02-24,1306.1,257.69
2011-02-25,1319.88,259.28
2011-02-28,1327.22,256.36
2011-03-01,1306.33,256.36
2011-03-02,1308.44,254.96
2011-03-03,1330.97,260.48
2011-03-04,1321.15,265.42
2011-03-07,1310.13,261.44
2011-03-08,1321.82,263.33
2011-03-09,1320.02,263.8
2011-03-10,1295.11,260.59
2011-03-11,1304.28,256.83
2011-03-14,1296.39,260.69
2011-03-15,1281.87,254.29
2011-03-16,1256.88,259.44
2011-03-17,1273.72,259.8
2011-03-18,1279.2,262.39
2011-03-21,1298.38,264.89
2011-03-22,1293.77,266.05
2011-03-23,1297.54,265.67
2011-03-24,1309.66,268.93
2011-03-25,1313.8,271.66
2011-03-28,1310.19,272.13
2011-03-29,1319.44,274.22
2011-03-30,1328.26,277.04
2011-03-31,1325.83,278.87
2011-04-01,1332.41,280.73
2011-04-04,1332.87,280.01
2011-04-05,1332.63,282.03
2011-04-06,1335.54,281.35
2011-04-07,1333.51,280.45
2011-04-08,1328.17,281.05
2011-04-11,1324.46,280.49
2011-04-12,1314.16,276.13
2011-04-13,1314.41,280.68
2011-04-14,1314.52,283.15
2011-04-15,1319.68,282.8
2011-04-18,1305.14,282.14
2011-04-19,1312.62,280.43
2011-04-20,1330.36,287.19
2011-04-21,1337.38,291.16
2011-04-22,1337.38,290.84
2011-04-25,1335.25,292.69
2011-04-26,1347.24,291.38
2011-04-27,1355.66,292.08
2011-04-28,1360.48,292.15
2011-04-29,1363.61,290.39
2011-05-02,1361.22,295.35
2011-05-03,1356.62,291.65
2011-05-04,1347.32,288.46
2011-05-05,1335.1,288.46
2011-05-06,1340.2,283.68
2011-05-09,1346.29,282.59
2011-05-10,1357.16,282.59
2011-05-11,1342.08,286.3
2011-05-12,1348.65,280.02
2011-05-13,1337.77,279.59
2011-05-16,1329.47,277.22
2011-05-17,1328.98,277.15
2011-05-18,1340.68,281.76
2011-05-19,1343.6,276.47
2011-05-20,1333.27,278.59
2011-05-23,1317.37,271.19
2011-05-24,1316.28,271.78
2011-05-25,1320.47,268.62
2011-05-26,1325.69,276.33
2011-05-27,1331.1,277.35
2011-05-30,1331.1,276.32
2011-05-31,1345.2,282.76
2011-06-01,1314.55,282.75
2011-06-02,1312.94,278.76
2011-06-03,1300.16,278.84
2011-06-06,1286.17,278.84
2011-06-07,1284.94,276.97
2011-06-08,1279.56,274.46
2011-06-09,1289,272.44
2011-06-10,1270.98,269.04
2011-06-13,1271.83,269.79
2011-06-14,1287.87,273.67
2011-06-15,1265.42,274.53
2011-06-16,1267.64,268.88
2011-06-17,1271.5,266.22
2011-06-20,1278.36,264.39
2011-06-21,1295.52,268.65
2011-06-22,1287.14,270.71
2011-06-23,1283.5,269.34
2011-06-24,1268.45,274.31
2011-06-27,1280.1,271.44
2011-06-28,1296.67,270.41
2011-06-29,1307.41,274.61
2011-06-30,1320.64,275.17
2011-07-01,1339.67,278.77
2011-07-04,1339.67,281.67
2011-07-05,1337.88,283.88
2011-07-06,1339.22,285.12
2011-07-07,1353.22,286.07
2011-07-08,1343.8,286.05
2011-07-11,1319.49,282.46
2011-07-12,1313.64,275.9
2011-07-13,1317.72,278.32
2011-07-14,1308.87,278.03
2011-07-15,1316.14,279.59
2011-07-18,1305.44,276.71
2011-07-19,1326.73,276.58
2011-07-20,1325.84,280.41
2011-07-21,1343.8,279.2
2011-07-22,1345.02,282.59
2011-07-25,1337.43,279.66
2011-07-26,1331.94,282.04
2011-07-27,1304.89,282.7
2011-07-28,1300.67,280.04
2011-07-29,1292.28,277.11
2011-08-01,1286.94,282.36
2011-08-02,1254.05,275.4
2011-08-03,1260.34,267.8
2011-08-04,1200.07,261.54
2011-08-05,1199.38,251.9
2011-08-08,1119.46,242.45
2011-08-09,1172.53,233.52
2011-08-10,1120.76,233.23
2011-08-11,1172.64,234.14
2011-08-12,1178.81,230.38
2011-08-15,1204.49,230.38
2011-08-16,1192.76,242.23
2011-08-17,1193.88,243.43
2011-08-18,1140.65,238.31
2011-08-19,1123.53,222.98
2011-08-22,1123.82,219.15
2011-08-23,1162.35,228.12
2011-08-24,1177.6,225.14
2011-08-25,1159.27,227.02
2011-08-26,1176.8,229
2011-08-29,1210.08,235.78
2011-08-30,1212.92,237.64
2011-08-31,1218.89,242.16
2011-09-01,1204.42,242.37
2011-09-02,1173.97,240.16
2011-09-05,1173.97,228.89
2011-09-06,1165.24,226.65
2011-09-07,1198.62,236.12
2011-09-08,1185.9,238.47
2011-09-09,1154.23,233.4
2011-09-12,1162.27,233.4
2011-09-13,1172.87,233.4
2011-09-14,1188.68,225.15
2011-09-15,1209.11,228.58
2011-09-16,1216.01,237.5
2011-09-19,1204.09,235.32
2011-09-20,1202.09,237.53
2011-09-21,1166.76,239.51
2011-09-22,1129.56,232.05
2011-09-23,1136.43,218.62
2011-09-26,1162.95,214.18
2011-09-27,1175.38,225.29
2011-09-28,1151.06,223.82
2011-09-29,1160.4,230.37
2011-09-30,1131.42,230.41
2011-10-03,1099.23,230.41
2011-10-04,1123.95,221.93
2011-10-05,1144.04,217.34
2011-10-06,1164.97,223.94
2011-10-07,1155.46,230.27
2011-10-10,1194.89,230.82
2011-10-11,1195.54,234.8
2011-10-12,1207.25,236.66
2011-10-13,1203.66,238.09
2011-10-14,1224.58,239.67
2011-10-17,1200.86,243.49
2011-10-18,1225.38,239.89
2011-10-19,1209.88,242.11
2011-10-20,1215.39,235.57
2011-10-21,1238.25,240.02
2011-10-24,1254.19,248.21
2011-10-25,1229.05,247.2
2011-10-26,1242,247.56
2011-10-27,1284.59,251.2
2011-10-28,1285.08,252.47
2011-10-31,1253.3,249.88
2011-11-01,1218.28,249.92
2011-11-02,1237.9,248.03
2011-11-03,1261.15,244.09
2011-11-04,1253.23,252.34
2011-11-07,1261.12,250.78
2011-11-08,1275.92,248.32
2011-11-09,1229.1,249.23
2011-11-10,1239.7,236.02
2011-11-11,1263.85,242.99
2011-11-14,1251.78,248.27
2011-11-15,1257.81,246.21
2011-11-16,1236.91,241.98
2011-11-17,1216.13,244.6
2011-11-18,1215.65,239.43
2011-11-21,1192.98,236.64
2011-11-22,1188.04,237.8
2011-11-23,1161.79,231.68
2011-11-24,1161.79,233.35
2011-11-25,1158.67,231.03
2011-11-28,1192.55,236.59
2011-11-29,1195.19,242.5
2011-11-30,1246.96,241.19
2011-12-01,1244.58,251.52
2011-12-02,1244.28,251.19
2011-12-05,1257.08,252.22
2011-12-06,1258.47,249.48
2011-12-07,1261.01,251.57
2011-12-08,1234.35,250.31
2011-12-09,1255.19,244.93
2011-12-12,1236.47,248.55
2011-12-13,1225.73,243.48
2011-12-14,1211.82,242.35
2011-12-15,1215.75,236.72
2011-12-16,1219.66,239.82
2011-12-19,1205.35,231.74
2011-12-20,1241.3,233.83
2011-12-21,1243.72,241.51
2011-12-22,1254,241.4
2011-12-23,1265.33,244.22
2011-12-26,1265.33,242.64
2011-12-27,1265.43,240.79
2011-12-28,1249.64,238.15
2011-12-29,1263.02,238.08
2011-12-30,1257.6,238.08
2012-01-02,1257.6,238.7
2012-01-03,1277.06,245.82
2012-01-04,1277.3,244.24
2012-01-05,1281.06,243.56
2012-01-06,1277.81,240.57
2012-01-09,1280.7,238.02
2012-01-10,1292.08,241.69
2012-01-11,1292.48,240.83
2012-01-12,1295.5,243.46
2012-01-13,1289.09,245.28
2012-01-16,1289.09,243.1
2012-01-17,1293.67,247.81
2012-01-18,1308.04,247.82
2012-01-19,1314.5,251.27
2012-01-20,1315.38,256.61
2012-01-23,1316,256.61
2012-01-24,1314.65,256.61
2012-01-25,1326.06,257.14
2012-01-26,1318.43,257.52
2012-01-27,1316.33,258.65
2012-01-30,1313.01,255.21
2012-01-31,1312.41,256.9
2012-02-01,1324.09,257.06
2012-02-02,1325.54,260.35
2012-02-03,1344.9,258.53
2012-02-06,1344.33,258.93
2012-02-07,1347.05,259.8
2012-02-08,1349.96,262.94
2012-02-09,1351.95,264.5
2012-02-10,1342.64,261.17
2012-02-13,1351.77,262.75
2012-02-14,1350.5,262.38
2012-02-15,1343.23,265.88
2012-02-16,1358.04,261.89
2012-02-17,1361.23,265.82
2012-02-20,1361.23,265.95
2012-02-21,1362.21,265.89
2012-02-22,1357.66,266.63
2012-02-23,1363.46,263.58
2012-02-24,1365.74,265.2
2012-02-27,1367.59,261.3
2012-02-28,1372.18,263.45
2012-02-29,1365.68,267.13
2012-03-01,1374.09,267.13
2012-03-02,1369.63,267.45
2012-03-05,1364.33,264.75
2012-03-06,1343.36,262.85
2012-03-07,1352.63,260.35
2012-03-08,1365.91,262.85
2012-03-09,1370.87,265.62
2012-03-12,1371.09,263.74
2012-03-13,1395.95,266.9
2012-03-14,1394.28,269.85
2012-03-15,1402.6,269.76
2012-03-16,1404.17,268.27
2012-03-19,1409.75,270.27
2012-03-20,1405.52,269.68
2012-03-21,1402.89,267.79
2012-03-22,1392.78,267.98
2012-03-23,1397.11,267.95
2012-03-26,1416.51,267.41
2012-03-27,1412.52,270.71
2012-03-28,1405.54,269.64
2012-03-29,1403.28,267.13
2012-03-30,1408.47,266.58
2012-04-02,1419.04,268.99
2012-04-03,1413.38,272.46
2012-04-04,1398.96,268.33
2012-04-05,1398.08,269.96
2012-04-06,1398.08,269.97
2012-04-09,1382.2,265.88
2012-04-10,1358.59,265.38
2012-04-11,1368.71,265.38
2012-04-12,1387.57,263.95
2012-04-13,1370.26,266.86
2012-04-16,1369.57,264.49
2012-04-17,1390.78,263.32
2012-04-18,1385.14,266.22
2012-04-19,1376.92,265.58
2012-04-20,1378.53,261.84
2012-04-23,1366.94,261.66
2012-04-24,1371.97,260.76
2012-04-25,1390.69,260.82
2012-04-26,1399.98,261.51
2012-04-27,1403.36,263.43
2012-04-30,1397.91,264.35
2012-05-01,1405.82,264.35
2012-05-02,1402.31,266.61
2012-05-03,1391.57,266.05
2012-05-04,1369.1,264.4
2012-05-07,1369.58,259.73
2012-05-08,1363.72,261.12
2012-05-09,1354.58,258.79
2012-05-10,1357.99,257.89
2012-05-11,1353.39,254
2012-05-14,1338.35,254.11
2012-05-15,1330.66,252.32
2012-05-16,1324.8,243.93
2012-05-17,1304.86,244.48
2012-05-18,1295.22,235.85
2012-05-21,1315.99,238.62
2012-05-22,1316.63,242.66
2012-05-23,1318.86,239.76
2012-05-24,1320.68,240.51
2012-05-25,1317.82,241.6
2012-05-29,1332.42,245.26
2012-05-30,1313.32,244.68
2012-05-31,1310.33,244.05
2012-06-01,1278.04,242.98
2012-06-04,1278.18,236.3
2012-06-05,1285.5,238.79
2012-06-06,1315.13,238.79
2012-06-07,1314.99,245.51
2012-06-08,1325.66,243.69
2012-06-11,1308.93,248.3
2012-06-12,1324.18,246.43
2012-06-13,1314.88,247.08
2012-06-14,1329.1,248.62
2012-06-15,1342.84,246.57
2012-06-18,1344.78,251.37
2012-06-19,1357.98,251.31
2012-06-20,1355.69,252.92
2012-06-21,1325.51,250.46
2012-06-22,1335.02,244.15
2012-06-25,1313.72,240.75
2012-06-26,1319.99,239.68
2012-06-27,1331.85,239.85
2012-06-28,1329.04,239.98
2012-06-29,1362.16,244.9
2012-07-02,1365.51,244.46
2012-07-03,1374.02,246.8
2012-07-04,1374.02,247.76
2012-07-05,1367.58,247.67
2012-07-06,1354.68,245.07
2012-07-09,1352.46,241.73
2012-07-10,1341.47,240.88
2012-07-11,1341.45,240.34
2012-07-12,1334.76,234.66
2012-07-13,1356.78,238.77
2012-07-16,1353.64,239.39
2012-07-17,1363.67,240.19
2012-07-18,1372.78,236.42
2012-07-19,1376.51,240.44
2012-07-20,1362.66,240.35
2012-07-23,1350.52,235.75
2012-07-24,1338.31,236.65
2012-07-25,1337.89,233.49
2012-07-26,1360.02,235.33
2012-07-27,1385.97,242.23
2012-07-30,1385.3,244.58
2012-07-31,1379.32,250.08
2012-08-01,1375.14,249.6
2012-08-02,1365,247.9
2012-08-03,1390.99,244.81
2012-08-06,1394.23,250.36
2012-08-07,1401.35,250.39
2012-08-08,1402.22,252.84
2012-08-09,1402.8,258.08
2012-08-10,1405.87,258.91
2012-08-13,1404.11,256.65
2012-08-14,1403.93,260.11
2012-08-15,1405.53,260.11
2012-08-16,1415.51,260.08
2012-08-17,1418.16,258.2
2012-08-20,1418.13,258.03
2012-08-21,1413.17,257.5
2012-08-22,1413.49,256.21
2012-08-23,1402.08,257.28
2012-08-24,1411.13,253.73
2012-08-27,1410.44,252.77
2012-08-28,1409.3,252.57
2012-08-29,1410.49,254.22
2012-08-30,1399.48,250.96
2012-08-31,1406.58,250.56
2012-09-03,1406.58,251.23
2012-09-04,1404.94,250.56
2012-09-05,1403.44,245.75
2012-09-06,1432.12,246.79
2012-09-07,1437.92,254.02
2012-09-10,1429.08,253.38
2012-09-11,1433.56,252.73
2012-09-12,1436.56,256.95
2012-09-13,1459.99,256.87
2012-09-14,1465.77,265.02
2012-09-17,1461.19,263.97
2012-09-18,1459.32,264.25
2012-09-19,1461.05,264.44
2012-09-20,1460.26,261.87
2012-09-21,1460.15,263.41
2012-09-24,1456.89,263.56
2012-09-25,1441.59,262.03
2012-09-26,1433.32,260.42
2012-09-27,1447.15,261.62
2012-09-28,1440.67,262.49
2012-10-01,1444.49,262.49
2012-10-02,1445.75,262.48
2012-10-03,1450.99,262.48
2012-10-04,1461.4,261.92
2012-10-05,1460.93,262.07
2012-10-08,1455.88,260.11
2012-10-09,1441.48,259.66
2012-10-10,1432.56,255.15
2012-10-11,1432.84,252.84
2012-10-12,1428.59,252.44
2012-10-15,1440.13,251.44
2012-10-16,1454.92,253.98
2012-10-17,1460.91,256.06
2012-10-18,1457.34,257.27
2012-10-19,1433.19,254.79
2012-10-22,1433.82,254.22
2012-10-23,1413.11,251.86
2012-10-24,1408.75,249.8
2012-10-25,1412.97,251.72
2012-10-26,1411.94,247.18
2012-10-29,1411.94,247.66
2012-10-30,1411.94,248.52
2012-10-31,1412.16,250.18
2012-11-01,1427.59,247.83
2012-11-02,1414.2,251.04
2012-11-05,1417.26,249.5
2012-11-06,1428.39,252.3
2012-11-07,1394.53,253.7
2012-11-08,1377.51,250.13
2012-11-09,1379.85,248.69
2012-11-12,1380.03,248.18
2012-11-13,1374.53,246.9
2012-11-14,1355.49,247.8
2012-11-15,1353.33,244.64
2012-11-16,1359.88,243.45
2012-11-19,1386.89,245.82
2012-11-20,1387.81,247.72
2012-11-21,1391.03,247.02
2012-11-22,1391.03,249.51
2012-11-23,1409.15,251.44
2012-11-26,1406.29,250.73
2012-11-27,1398.94,253.41
2012-11-28,1409.93,251.72
2012-11-29,1415.95,254.73
2012-11-30,1416.18,254.25
2012-12-03,1409.46,255.57
2012-12-04,1407.05,254.83
2012-12-05,1409.28,256.63
2012-12-06,1413.94,257.27
2012-12-07,1418.07,258.78
2012-12-10,1418.55,259.03
2012-12-11,1427.84,260.12
2012-12-12,1428.48,261.67
2012-12-13,1419.45,265.79
2012-12-14,1413.58,264.56
2012-12-17,1430.36,262.76
2012-12-18,1446.79,264.23
2012-12-19,1435.81,264.23
2012-12-20,1443.69,264.78
2012-12-21,1430.15,261.89
2012-12-24,1426.66,262.11
2012-12-26,1419.83,261.97
2012-12-27,1418.1,262.68
2012-12-28,1402.43,263.92
2012-12-31,1426.19,263.92
2013-01-02,1462.42,269.16
2013-01-03,1459.37,267.52
2013-01-04,1466.47,266.14
2013-01-07,1461.89,265.97
2013-01-08,1457.15,263.95
2013-01-09,1461.02,262.9
2013-01-10,1472.12,264.95
2013-01-11,1472.05,263.32
2013-01-14,1470.68,264.8
2013-01-15,1472.34,261.43
2013-01-16,1472.63,260.49
2013-01-17,1480.94,260.1
2013-01-18,1485.98,261.71
2013-01-21,1485.98,261.3
2013-01-22,1492.56,262.91
2013-01-23,1494.81,261.1
2013-01-24,1494.82,258.74
2013-01-25,1502.96,256.06
2013-01-28,1500.18,254.66
2013-01-29,1507.84,257.22
2013-01-30,1501.96,258.47
2013-01-31,1498.11,258.07
2013-02-01,1513.17,257.64
2013-02-04,1495.71,256.89
2013-02-05,1511.29,254.82
2013-02-06,1512.12,254.31
2013-02-07,1509.39,254
2013-02-08,1517.93,257.09
2013-02-11,1517.01,257.09
2013-02-12,1519.43,256.65
2013-02-13,1520.33,260.92
2013-02-14,1521.38,261.44
2013-02-15,1519.79,261.61
2013-02-18,1519.79,261.63
2013-02-19,1530.94,262.16
2013-02-20,1511.95,268.07
2013-02-21,1502.42,266.85
2013-02-22,1515.6,267.15
2013-02-25,1487.85,266.01
2013-02-26,1496.94,264.68
2013-02-27,1515.99,265.04
2013-02-28,1514.68,268.01
2013-03-01,1518.2,268.01
2013-03-04,1525.2,266.14
2013-03-05,1539.79,266.54
2013-03-06,1541.46,267.25
2013-03-07,1544.26,264.78
2013-03-08,1551.18,264.57
2013-03-11,1556.22,264.15
2013-03-12,1552.48,262.43
2013-03-13,1554.52,263.33
2013-03-14,1563.23,263.37
2013-03-15,1560.7,260.84
2013-03-18,1552.1,258.3
2013-03-19,1548.34,259.79
2013-03-20,1558.71,257.04
2013-03-21,1545.8,255.82
2013-03-22,1556.89,255.33
2013-03-25,1551.69,259.58
2013-03-26,1563.77,260.54
2013-03-27,1562.85,261.86
2013-03-28,1569.19,261.86
2013-03-29,1569.19,263.39
2013-04-01,1562.17,262.27
2013-04-02,1570.25,260.79
2013-04-03,1553.69,260.36
2013-04-04,1559.98,257.05
2013-04-05,1553.28,252.77
2013-04-08,1563.07,252.39
2013-04-09,1568.61,252.53
2013-04-10,1587.73,254.34
2013-04-11,1593.37,256.18
2013-04-12,1588.85,252
2013-04-15,1552.36,251.51
2013-04-16,1574.57,251.78
2013-04-17,1552.01,251.51
2013-04-18,1541.61,247.85
2013-04-19,1555.25,248.77
2013-04-22,1562.5,251.46
2013-04-23,1578.78,250.01
2013-04-24,1578.79,252
2013-04-25,1585.16,254.49
2013-04-26,1582.24,253.04
2013-04-29,1593.61,252.25
2013-04-30,1597.57,255.72
2013-05-01,1582.7,255.72
2013-05-02,1597.59,254.92
2013-05-03,1614.42,256.02
2013-05-06,1617.5,255.2
2013-05-07,1625.96,253.84
2013-05-08,1632.69,254.02
2013-05-09,1626.67,257.53
2013-05-10,1633.7,252.72
2013-05-13,1633.77,253.29
2013-05-14,1650.34,256.29
2013-05-15,1658.78,256.6
2013-05-16,1650.47,258.99
2013-05-17,1667.47,258.99
2013-05-20,1666.29,258.6
2013-05-21,1669.16,258.18
2013-05-22,1655.35,260.19
2013-05-23,1650.51,256.66
2013-05-24,1649.6,257.32
2013-05-27,1649.6,258.19
2013-05-28,1660.06,258.59
2013-05-29,1648.36,260.92
2013-05-30,1654.41,261.21
2013-05-31,1630.74,261.47
2013-06-03,1640.42,260.29
2013-06-04,1631.38,260.54
2013-06-05,1608.9,256.51
2013-06-06,1622.56,256.51
2013-06-07,1643.38,251.2
2013-06-10,1642.81,252.2
2013-06-11,1626.13,250.19
2013-06-12,1612.52,248.5
2013-06-13,1636.36,244.49
2013-06-14,1626.73,245.36
2013-06-17,1639.04,244.77
2013-06-18,1651.81,247.13
2013-06-19,1628.93,245.44
2013-06-20,1588.19,240.26
2013-06-21,1592.43,236.57
2013-06-24,1573.09,233.47
2013-06-25,1588.03,231.75
2013-06-26,1603.26,231.52
2013-06-27,1613.2,238.65
2013-06-28,1606.28,242.27
2013-07-01,1614.96,241.05
2013-07-02,1614.08,240.8
2013-07-03,1615.41,236.63
2013-07-04,1615.41,238.56
2013-07-05,1631.89,237.28
2013-07-08,1640.46,235.12
2013-07-09,1652.32,236.94
2013-07-10,1652.62,236.23
2013-07-11,1675.02,243.88
2013-07-12,1680.19,242.72
2013-07-15,1682.5,243.43
2013-07-16,1676.26,242.02
2013-07-17,1680.91,244.82
2013-07-18,1689.37,242.92
2013-07-19,1692.09,242.03
2013-07-22,1695.53,243.18
2013-07-23,1692.39,246.63
2013-07-24,1685.94,247.84
2013-07-25,1690.25,247.71
2013-07-26,1691.65,247.8
2013-07-29,1685.33,246.53
2013-07-30,1685.96,248.78
2013-07-31,1685.73,247.99
2013-08-01,1706.87,248.89
2013-08-02,1709.67,249.33
2013-08-05,1707.14,248.25
2013-08-06,1697.37,246.8
2013-08-07,1690.91,242.75
2013-08-08,1697.48,243.39
2013-08-09,1691.42,243.13
2013-08-12,1689.47,243.78
2013-08-13,1694.16,248.2
2013-08-14,1685.39,249.82
2013-08-15,1661.32,249.82
2013-08-16,1655.83,249.23
2013-08-19,1646.06,248.89
2013-08-20,1652.35,245.13
2013-08-21,1642.8,242.49
2013-08-22,1656.96,240.37
2013-08-23,1663.5,243.37
2013-08-26,1656.78,245.71
2013-08-27,1630.48,245.71
2013-08-28,1634.96,245.67
2013-08-29,1638.17,248.86
2013-08-30,1632.97,251.74
2013-09-02,1632.97,251.13
2013-09-03,1639.77,252.05
2013-09-04,1653.08,252.15
2013-09-05,1655.08,254.62
2013-09-06,1655.17,255.25
2013-09-09,1671.71,258.12
2013-09-10,1683.99,261.2
2013-09-11,1689.13,262.38
2013-09-12,1683.42,262.32
2013-09-13,1687.99,260.83
2013-09-16,1697.6,263.86
2013-09-17,1704.76,262.56
2013-09-18,1725.52,262.56
2013-09-19,1722.34,262.56
2013-09-20,1709.91,262.56
2013-09-23,1701.84,263.02
2013-09-24,1697.42,262.83
2013-09-25,1692.77,261.45
2013-09-26,1698.67,262.68
2013-09-27,1691.75,262.94
2013-09-30,1681.55,260.91
2013-10-01,1695,261.48
2013-10-02,1693.87,261.87
2013-10-03,1678.66,261.87
2013-10-04,1690.5,261.78
2013-10-07,1676.12,261.85
2013-10-08,1655.45,263.14
2013-10-09,1656.4,263.14
2013-10-10,1692.56,262.9
2013-10-11,1703.2,266.35
2013-10-14,1710.14,265.81
2013-10-15,1698.06,269.02
2013-10-16,1721.54,268.25
2013-10-17,1733.15,269.59
2013-10-18,1744.5,271.24
2013-10-21,1744.66,271.22
2013-10-22,1754.67,271.11
2013-10-23,1746.38,268.03
2013-10-24,1752.07,269.36
2013-10-25,1759.77,267.51
2013-10-28,1762.11,269.74
2013-10-29,1771.95,270.28
2013-10-30,1763.31,271.44
2013-10-31,1756.54,266.91
2013-11-01,1761.64,268.63
2013-11-04,1767.93,266.59
2013-11-05,1762.97,264.96
2013-11-06,1770.49,264.62
2013-11-07,1747.15,263.34
2013-11-08,1770.61,260.53
2013-11-11,1771.89,260.15
2013-11-12,1767.69,262.81
2013-11-13,1782,258.04
2013-11-14,1790.62,258.44
2013-11-15,1798.18,264.2
2013-11-18,1791.53,265.03
2013-11-19,1787.87,267.81
2013-11-20,1781.37,265.62
2013-11-21,1795.85,262.2
2013-11-22,1804.76,263.86
2013-11-25,1802.48,265.21
2013-11-26,1802.75,266.26
2013-11-27,1807.23,267.15
2013-11-28,1807.23,269.7
2013-11-29,1805.81,269.57
2013-12-02,1800.9,267.58
2013-12-03,1795.15,264.84
2013-12-04,1792.81,261.48
2013-12-05,1785.03,261.1
2013-12-06,1805.09,260.71
2013-12-09,1808.37,263.7
2013-12-10,1802.62,262.68
2013-12-11,1782.22,260.55
2013-12-12,1775.5,259.05
2013-12-13,1775.32,258.04
2013-12-16,1786.54,257.9
2013-12-17,1781,258.72
2013-12-18,1810.65,259.98
2013-12-19,1809.6,260.2
2013-12-20,1818.32,261.27
2013-12-23,1827.99,263.24
2013-12-24,1833.32,263.58
2013-12-26,1842.02,263.15
2013-12-27,1841.4,263.32
2013-12-30,1841.07,264.24
2013-12-31,1848.36,264.24
2014-01-02,1831.98,257.64
2014-01-03,1831.37,254.48
2014-01-06,1826.77,255.41
2014-01-07,1837.88,255.98
2014-01-08,1837.49,255.76
2014-01-09,1838.13,253.63
2014-01-10,1842.37,252.48
2014-01-13,1819.2,254.08
2014-01-14,1838.88,253.97
2014-01-15,1848.38,254.73
2014-01-16,1845.89,255.36
2014-01-17,1838.7,253.46
2014-01-20,1838.7,254.81
2014-01-21,1843.8,256.34
2014-01-22,1844.86,257.08
2014-01-23,1828.46,253.74
2014-01-24,1790.29,252.89
2014-01-27,1781.56,248.95
2014-01-28,1792.5,249.91
2014-01-29,1774.2,252.89
2014-01-30,1794.19,252.89
2014-01-31,1782.59,252.89
2014-02-03,1741.89,250.01
2014-02-04,1755.2,245.3
2014-02-05,1751.64,246.04
2014-02-06,1773.43,248.56
2014-02-07,1797.02,250.51
2014-02-10,1799.84,250.47
2014-02-11,1819.75,251.87
2014-02-12,1819.26,252.31
2014-02-13,1829.83,250.97
2014-02-14,1838.63,252.74
2014-02-17,1838.63,253.64
2014-02-18,1840.76,253.66
2014-02-19,1828.75,252.92
2014-02-20,1839.78,250.95
2014-02-21,1836.25,255.22
2014-02-24,1847.61,254.01
2014-02-25,1845.12,256.24
2014-02-26,1845.16,257.31
2014-02-27,1854.29,258.28
2014-02-28,1859.45,258.41
2014-03-03,1845.73,256.29
2014-03-04,1873.91,254.78
2014-03-05,1873.81,257.3
2014-03-06,1877.03,257.63
2014-03-07,1878.04,257.35
2014-03-10,1877.17,254.48
2014-03-11,1867.63,255.49
2014-03-12,1868.2,251.11
2014-03-13,1846.34,251.09
2014-03-14,1841.13,249.02
2014-03-17,1858.83,250.15
2014-03-18,1872.25,251.87
2014-03-19,1860.77,251.32
2014-03-20,1872.01,248.68
2014-03-21,1866.52,250.68
2014-03-24,1857.44,252.31
2014-03-25,1865.62,251.56
2014-03-26,1852.56,255.08
2014-03-27,1849.04,257.26
2014-03-28,1857.62,257.44
2014-03-31,1872.34,258.11
2014-04-01,1885.52,258.95
2014-04-02,1890.9,259.7
2014-04-03,1888.77,259.34
2014-04-04,1865.09,259.47
2014-04-07,1845.04,259.89
2014-04-08,1851.96,260.47
2014-04-09,1872.18,261.21
2014-04-10,1833.08,262.41
2014-04-11,1815.69,260.53
2014-04-14,1830.61,260.51
2014-04-15,1842.98,259.74
2014-04-16,1862.31,259.83
2014-04-17,1864.85,259.66
2014-04-18,1864.85,261.52
2014-04-21,1871.89,260.9
2014-04-22,1879.55,261.55
2014-04-23,1875.39,261.2
2014-04-24,1878.61,261.08
2014-04-25,1863.4,257.42
2014-04-28,1869.43,256.8
2014-04-29,1878.33,255.8
2014-04-30,1883.95,255.33
2014-05-01,1883.68,255.33
2014-05-02,1881.14,255.07
2014-05-05,1884.66,255.07
2014-05-06,1867.72,255.07
2014-05-07,1878.21,252.35
2014-05-08,1875.63,253.84
2014-05-09,1878.48,254.31
2014-05-12,1896.65,255.8
2014-05-13,1897.45,258.4
2014-05-14,1888.53,262.43
2014-05-15,1870.85,262.4
2014-05-16,1877.86,262.97
2014-05-19,1885.08,263.42
2014-05-20,1872.83,263.04
2014-05-21,1888.03,262.4
2014-05-22,1892.49,263.33
2014-05-23,1900.53,263.42
2014-05-26,1900.53,262.33
2014-05-27,1911.91,260.36
2014-05-28,1909.78,263.01
2014-05-29,1920.03,262.57
2014-05-30,1923.57,259.94
2014-06-02,1924.97,261.4
2014-06-03,1924.24,262.22
2014-06-04,1927.88,262.22
2014-06-05,1940.46,260.56
2014-06-06,1949.44,260.56
2014-06-09,1951.27,259.68
2014-06-10,1950.79,262.64
2014-06-11,1943.89,262.62
2014-06-12,1930.11,262.01
2014-06-13,1936.16,258.75
2014-06-16,1937.78,259.43
2014-06-17,1941.99,260.43
2014-06-18,1956.98,258.7
2014-06-19,1959.48,258.83
2014-06-20,1962.87,255.31
2014-06-23,1962.61,256.77
2014-06-24,1949.98,259.75
2014-06-25,1959.53,258.16
2014-06-26,1957.22,260.03
2014-06-27,1960.96,258.78
2014-06-30,1960.23,260.56
2014-07-01,1973.32,259.74
2014-07-02,1974.62,262.04
2014-07-03,1985.44,261.13
2014-07-04,1985.44,260.63
2014-07-07,1977.65,259.95
2014-07-08,1963.71,259.93
2014-07-09,1972.83,258.87
2014-07-10,1964.68,259.17
2014-07-11,1967.57,256.72
2014-07-14,1977.1,257.27
2014-07-15,1973.28,260.4
2014-07-16,1981.57,260.82
2014-07-17,1958.12,261.93
2014-07-18,1978.22,261.66
2014-07-21,1973.63,261.51
2014-07-22,1983.53,262.86
2014-07-23,1987.01,262.56
2014-07-24,1987.98,262.72
2014-07-25,1978.34,263.47
2014-07-28,1978.91,265.53
2014-07-29,1969.95,268.01
2014-07-30,1970.07,271.17
2014-07-31,1930.67,269.68
2014-08-01,1925.15,268.56
2014-08-04,1938.99,269.65
2014-08-05,1920.21,267.63
2014-08-06,1920.24,266.6
2014-08-07,1909.57,265.64
2014-08-08,1931.59,262.02
2014-08-11,1936.92,263.32
2014-08-12,1933.75,263.34
2014-08-13,1946.72,265.91
2014-08-14,1955.18,265.88
2014-08-15,1955.06,265.88
2014-08-18,1971.74,264.24
2014-08-19,1981.6,266.62
2014-08-20,1986.51,266.79
2014-08-21,1992.37,262.53
2014-08-22,1988.4,264.26
2014-08-25,1997.92,264.46
2014-08-26,2000.02,265.14
2014-08-27,2000.12,265.88
2014-08-28,1996.74,266.19
2014-08-29,2003.37,265.41
2014-09-01,2003.37,265.27
2014-09-02,2002.28,262.61
2014-09-03,2000.72,262.27
2014-09-04,1997.65,263.19
2014-09-05,2007.71,262.09
2014-09-08,2001.54,262.09
2014-09-09,1988.44,262.09
2014-09-10,1995.69,262.09
2014-09-11,1997.45,259.8
2014-09-12,1985.54,261.39
2014-09-15,1984.13,260.56
2014-09-16,1998.98,261.45
2014-09-17,2001.57,264.01
2014-09-18,2011.36,261.72
2014-09-19,2010.4,262.31
2014-09-22,1994.29,260.15
2014-09-23,1982.77,258.49
2014-09-24,1998.3,258.88
2014-09-25,1965.99,258.46
2014-09-26,1982.85,258.33
2014-09-29,1977.8,257.95
2014-09-30,1972.29,256.77
2014-10-01,1946.16,252.81
2014-10-02,1946.17,250.06
2014-10-03,1967.9,250.06
2014-10-06,1964.82,249.19
2014-10-07,1935.1,249.93
2014-10-08,1968.89,248.36
2014-10-09,1928.21,248.36
2014-10-10,1906.13,245.06
2014-10-13,1874.74,244.18
2014-10-14,1877.7,244.47
2014-10-15,1862.49,243.87
2014-10-16,1862.76,242.79
2014-10-17,1886.76,239.84
2014-10-20,1904.01,243.9
2014-10-21,1941.28,241.48
2014-10-22,1927.11,244.12
2014-10-23,1950.82,243.38
2014-10-24,1964.58,242.91
2014-10-27,1961.63,243.89
2014-10-28,1985.05,243.3
2014-10-29,1982.3,248.64
2014-10-30,1994.65,248.84
2014-10-31,2018.05,250.45
2014-11-03,2017.81,248.69
2014-11-04,2012.1,246.51
2014-11-05,2023.57,245.86
2014-11-06,2031.21,247.19
2014-11-07,2031.92,247.39
2014-11-10,2038.26,250.64
2014-11-11,2039.68,250.45
2014-11-12,2038.25,251.26
2014-11-13,2039.33,250.11
2014-11-14,2039.82,248.18
2014-11-17,2041.32,248.3
2014-11-18,2051.8,250.65
2014-11-19,2048.72,250.33
2014-11-20,2052.75,248.96
2014-11-21,2063.5,249.9
2014-11-24,2069.41,252.34
2014-11-25,2067.03,251.72
2014-11-26,2072.83,252
2014-11-27,2072.83,253.3
2014-11-28,2067.56,253.7
2014-12-01,2053.44,251.59
2014-12-02,2066.55,251.41
2014-12-03,2074.33,251.65
2014-12-04,2071.92,254.06
2014-12-05,2075.37,254.24
2014-12-08,2060.31,253.71
2014-12-09,2059.82,253.21
2014-12-10,2026.14,249.35
2014-12-11,2035.33,245.54
2014-12-12,2002.33,246.44
2014-12-15,1989.63,246.27
2014-12-16,1972.74,244.43
2014-12-17,2012.89,243.72
2014-12-18,2061.23,243.82
2014-12-19,2070.65,247.96
2014-12-22,2078.54,249.7
2014-12-23,2082.17,249.06
2014-12-24,2081.88,250.07
2014-12-26,2088.77,250.05
2014-12-29,2090.57,246.3
2014-12-30,2080.35,244.05
2014-12-31,2058.9,244.05
2015-01-02,2058.2,244.79
2015-01-05,2020.58,244.26
2015-01-06,2002.61,239.93
2015-01-07,2025.9,240.53
2015-01-08,2062.14,243.94
2015-01-09,2044.81,246.05
2015-01-12,2028.26,245.7
2015-01-13,2023.03,246.29
2015-01-14,2011.27,245.99
2015-01-15,1992.67,245.76
2015-01-16,2019.42,242.22
2015-01-19,2019.42,244.78
2015-01-20,2022.55,247.24
2015-01-21,2032.12,248.59
2015-01-22,2063.15,248.47
2015-01-23,2051.82,250.32
2015-01-26,2057.09,250.14
2015-01-27,2029.55,252.2
2015-01-28,2002.16,252.21
2015-01-29,2021.25,250.46
2015-01-30,1994.99,249.88
2015-02-02,2020.85,250.61
2015-02-03,2050.03,250.38
2015-02-04,2041.51,251.6
2015-02-05,2062.52,249.78
2015-02-06,2055.47,250.16
2015-02-09,2046.74,249.26
2015-02-10,2068.59,247.66
2015-02-11,2068.53,248.4
2015-02-12,2088.48,247.71
2015-02-13,2096.99,249.76
2015-02-16,2096.99,249.81
2015-02-17,2100.34,250.37
2015-02-18,2099.68,250.37
2015-02-19,2097.45,250.37
2015-02-20,2110.3,250.37
2015-02-23,2109.66,250.8
2015-02-24,2115.48,251.28
2015-02-25,2113.86,252.96
2015-02-26,2110.74,252.93
2015-02-27,2104.5,251.46
2015-03-02,2117.39,253.65
2015-03-03,2107.78,254.5
2015-03-04,2098.53,254.31
2015-03-05,2101.04,254.16
2015-03-06,2071.26,255.96
2015-03-09,2079.43,252.77
2015-03-10,2044.16,251.75
2015-03-11,2040.24,252.16
2015-03-12,2065.95,250.28
2015-03-13,2053.4,252.18
2015-03-16,2081.19,252.44
2015-03-17,2074.28,258.18
2015-03-18,2099.5,258.22
2015-03-19,2089.27,258.99
2015-03-20,2108.1,258.7
2015-03-23,2104.42,258.95
2015-03-24,2091.5,259.16
2015-03-25,2061.05,258.94
2015-03-26,2056.15,255.99
2015-03-27,2061.02,255.54
2015-03-30,2086.24,256.1
2015-03-31,2067.89,257.28
2015-04-01,2059.69,254.97
2015-04-02,2066.96,254.99
2015-04-03,2066.96,256.75
2015-04-06,2080.62,256.93
2015-04-07,2076.33,256.88
2015-04-08,2081.9,258.51
2015-04-09,2091.18,258.33
2015-04-10,2102.06,261.95
2015-04-13,2092.43,263.48
2015-04-14,2095.84,265.57
2015-04-15,2106.63,265.77
2015-04-16,2104.99,268.45
2015-04-17,2081.18,268.28
2015-04-20,2100.4,268.55
2015-04-21,2097.29,268.17
2015-04-22,2107.96,268.64
2015-04-23,2112.93,272.59
2015-04-24,2117.69,271.05
2015-04-27,2108.92,270.05
2015-04-28,2114.76,268.55
2015-04-29,2106.85,268.03
2015-04-30,2085.51,266.42
2015-05-01,2108.29,266.42
2015-05-04,2114.49,267.33
2015-05-05,2089.46,267.33
2015-05-06,2080.15,264.03
2015-05-07,2088,262.47
2015-05-08,2116.1,260.81
2015-05-11,2105.33,261.49
2015-05-12,2099.12,261.42
2015-05-13,2098.48,263.25
2015-05-14,2121.1,263.69
2015-05-15,2122.73,261.33
2015-05-18,2129.2,261.97
2015-05-19,2127.83,262.92
2015-05-20,2125.85,265.36
2015-05-21,2130.82,262.66
2015-05-22,2126.06,266.03
2015-05-26,2104.2,265.41
2015-05-27,2123.48,260.16
2015-05-28,2120.79,260.06
2015-05-29,2107.39,260.39
2015-06-01,2111.73,258.74
2015-06-02,2109.6,256.29
2015-06-03,2114.07,254.11
2015-06-04,2095.84,255.47
2015-06-05,2092.83,254.94
2015-06-08,2079.28,254.21
2015-06-09,2080.15,253.51
2015-06-10,2105.2,252.11
2015-06-11,2108.86,252.32
2015-06-12,2094.11,251.66
2015-06-15,2084.43,250.74
2015-06-16,2096.29,248.49
2015-06-17,2100.44,249.08
2015-06-18,2121.24,249.67
2015-06-19,2109.99,249.84
2015-06-22,2122.85,250.99
2015-06-23,2124.2,254.52
2015-06-24,2108.58,254.94
2015-06-25,2102.31,253.8
2015-06-26,2101.49,254.48
2015-06-29,2057.64,251.26
2015-06-30,2063.11,252.27
2015-07-01,2077.42,255.07
2015-07-02,2076.78,255.5
2015-07-03,2076.78,254.66
2015-07-06,2068.76,248.3
2015-07-07,2081.34,248.05
2015-07-08,2046.68,244.94
2015-07-09,2051.31,246.77
2015-07-10,2076.62,246.83
2015-07-13,2099.6,249.84
2015-07-14,2108.95,248.64
2015-07-15,2107.4,249.65
2015-07-16,2124.29,251.47
2015-07-17,2126.64,250.23
2015-07-20,2128.28,248.91
2015-07-21,2119.21,250.35
2015-07-22,2114.15,247.88
2015-07-23,2102.15,247.31
2015-07-24,2079.65,244.91
2015-07-27,2067.64,244.98
2015-07-28,2067.64,245.21
2015-07-29,2108.57,245.97
2015-07-30,2108.63,243.61
2015-07-31,2103.84,244.3
2015-08-03,2098.04,241.48
2015-08-04,2093.32,243.55
2015-08-05,2099.84,243.12
2015-08-06,2083.56,240.04
2015-08-07,2077.57,239.79
2015-08-10,2104.18,239.18
2015-08-11,2084.07,237.91
2015-08-12,2086.05,237.24
2015-08-13,2083.39,237.32
2015-08-14,2091.54,237.32
2015-08-17,2102.44,235.37
2015-08-18,2096.92,235.2
2015-08-19,2079.61,234.27
2015-08-20,2035.73,231.59
2015-08-21,1970.89,227.14
2015-08-24,1893.21,221.53
2015-08-25,1867.62,223.07
2015-08-26,1940.51,227.71
2015-08-27,1987.66,228.94
2015-08-28,1988.87,232.35
2015-08-31,1972.18,232.8
2015-09-01,1913.85,229.55
2015-09-02,1948.86,229.91
2015-09-03,1951.13,230.4
2015-09-04,1921.22,227.9
2015-09-07,1921.22,227.31
2015-09-08,1969.41,227.76
2015-09-09,1942.04,234.4
2015-09-10,1952.29,237.18
2015-09-11,1961.05,233.74
2015-09-14,1953.03,233.06
2015-09-15,1978.09,233.59
2015-09-16,1995.31,238.78
2015-09-17,1990.2,239.29
2015-09-18,1958.08,241.12
2015-09-21,1966.97,236.72
2015-09-22,1942.74,238.68
2015-09-23,1938.76,234.26
2015-09-24,1932.24,234.26
2015-09-25,1931.34,233.79
2015-09-28,1881.77,233.79
2015-09-29,1884.09,233.79
2015-09-30,1920.03,236.71
2015-10-01,1923.82,238.62
2015-10-02,1951.36,237.15
2015-10-05,1987.05,237.98
2015-10-06,1979.92,240.18
2015-10-07,1995.83,243.52
2015-10-08,2013.43,246.02
2015-10-09,2014.89,246.02
2015-10-12,2017.46,246.49
2015-10-13,2003.69,246.04
2015-10-14,1994.24,244.94
2015-10-15,2023.86,247.89
2015-10-16,2033.11,247.37
2015-10-19,2033.66,247.47
2015-10-20,2030.77,248.53
2015-10-21,2018.94,249.25
2015-10-22,2052.51,247.22
2015-10-23,2075.15,249.41
2015-10-26,2071.18,250.36
2015-10-27,2065.89,250.04
2015-10-28,2090.35,249.79
2015-10-29,2089.41,248.93
2015-10-30,2079.36,249.41
2015-11-02,2104.05,250.6
2015-11-03,2109.79,252.12
2015-11-04,2102.31,252.33
2015-11-05,2099.93,251.79
2015-11-06,2099.2,250.25
2015-11-09,2078.58,249.21
2015-11-10,2081.72,245.86
2015-11-11,2075,245.86
2015-11-12,2045.97,245.14
2015-11-13,2023.04,242.71
2015-11-16,2053.19,238.87
2015-11-17,2050.44,241.26
2015-11-18,2083.58,241.44
2015-11-19,2081.24,244.79
2015-11-20,2089.17,244.8
2015-11-23,2086.59,245.92
2015-11-24,2089.14,247.51
2015-11-25,2088.87,246.58
2015-11-26,2088.87,249.43
2015-11-27,2090.11,249.07
2015-11-30,2080.41,244.24
2015-12-01,2102.63,248.7
2015-12-02,2079.51,246.6
2015-12-03,2049.62,244.68
2015-12-04,2091.69,242.15
2015-12-07,2077.07,240.68
2015-12-08,2063.59,239.23
2015-12-09,2047.62,239.4
2015-12-10,2052.23,240.6
2015-12-11,2012.37,240.35
2015-12-14,2021.94,238.17
2015-12-15,2043.41,238.8
2015-12-16,2073.07,243.49
2015-12-17,2041.89,244.17
2015-12-18,2005.55,243
2015-12-21,2021.15,243.76
2015-12-22,2038.97,245.48
2015-12-23,2064.29,246.53
2015-12-24,2060.99,245.33
2015-12-28,2056.5,241.79
2015-12-29,2078.36,241.22
2015-12-30,2063.36,240.38
2015-12-31,2043.94,240.38
2016-01-04,2012.66,234.63
2016-01-05,2016.71,236.13
2016-01-06,1990.26,234.6
2016-01-07,1943.09,231.93
2016-01-08,1922.03,233.68
2016-01-11,1923.67,230.83
2016-01-12,1938.68,230.55
2016-01-13,1890.28,233.52
2016-01-14,1921.84,231.38
2016-01-15,1880.29,228.78
2016-01-18,1880.29,228.59
2016-01-19,1881.33,230.08
2016-01-20,1859.33,224.54
2016-01-21,1868.99,223.81
2016-01-22,1906.9,228.79
2016-01-25,1877.08,230.21
2016-01-26,1903.63,227.19
2016-01-27,1882.95,230.96
2016-01-28,1893.36,231.51
2016-01-29,1940.24,232.1
2016-02-01,1939.38,233.67
2016-02-02,1903.03,231.1
2016-02-03,1912.53,228.97
2016-02-04,1915.45,232.91
2016-02-05,1880.02,233.3
2016-02-08,1853.44,233.3
2016-02-09,1852.21,233.3
2016-02-10,1851.86,233.3
2016-02-11,1829.08,226.7
2016-02-12,1864.78,224.98
2016-02-15,1864.78,228.4
2016-02-16,1895.58,231.52
2016-02-17,1926.82,231.94
2016-02-18,1917.83,234.74
2016-02-19,1917.78,235.27
2016-02-22,1945.5,234.95
2016-02-23,1921.27,235.03
2016-02-24,1929.8,234.91
2016-02-25,1951.7,235.37
2016-02-26,1948.05,235.22
2016-02-29,1932.23,234.63
2016-03-01,1978.35,234.63
2016-03-02,1986.45,238.63
2016-03-03,1993.4,240.09
2016-03-04,1999.99,239.74
2016-03-07,2001.76,240.21
2016-03-08,1979.26,238.44
2016-03-09,1989.26,239.13
2016-03-10,1989.57,241.43
2016-03-11,2022.19,241.97
2016-03-14,2019.64,242.15
2016-03-15,2015.93,241.83
2016-03-16,2027.22,242.35
2016-03-17,2040.59,244.09
2016-03-18,2049.56,244.63
2016-03-21,2051.6,244.28
2016-03-22,2049.8,245.41
2016-03-23,2036.71,245.23
2016-03-24,2035.94,244.08
2016-03-25,2035.94,243.79
2016-03-28,2037.05,243.95
2016-03-29,2055.01,245.53
2016-03-30,2063.95,246.54
2016-03-31,2059.74,245.86
2016-04-01,2072.78,242.36
2016-04-04,2066.13,243.05
2016-04-05,2045.17,240.58
2016-04-06,2066.66,241.99
2016-04-07,2041.91,242.29
2016-04-08,2047.6,241.77
2016-04-11,2041.99,242.06
2016-04-12,2061.72,243.71
2016-04-13,2082.42,243.71
2016-04-14,2082.78,248.89
2016-04-15,2080.73,248.53
2016-04-18,2094.34,248
2016-04-19,2100.8,247.88
2016-04-20,2102.4,247.26
2016-04-21,2091.48,249.39
2016-04-22,2091.58,248.32
2016-04-25,2087.79,248.13
2016-04-26,2091.7,248.92
2016-04-27,2095.15,248.69
2016-04-28,2075.81,246.27
2016-04-29,2065.3,245.2
2016-05-02,2081.43,243.47
2016-05-03,2063.37,244.29
2016-05-04,2051.12,243.31
2016-05-05,2050.63,243.31
2016-05-06,2057.14,243.31
2016-05-09,2058.69,242.23
2016-05-10,2084.39,243.68
2016-05-11,2064.46,243.07
2016-05-12,2064.11,242.34
2016-05-13,2046.61,240.6
2016-05-16,2066.66,240.82
2016-05-17,2047.21,241.03
2016-05-18,2047.63,239.82
2016-05-19,2040.04,239.04
2016-05-20,2052.32,238.74
2016-05-23,2048.04,239.85
2016-05-24,2076.06,237.65
2016-05-25,2090.54,240.91
2016-05-26,2090.1,240.58
2016-05-27,2099.06,241.85
2016-05-30,2099.06,241.73
2016-05-31,2096.96,243.63
2016-06-01,2099.33,243.58
2016-06-02,2105.26,244.18
2016-06-03,2099.13,244.39
2016-06-06,2109.41,244.39
2016-06-07,2112.13,247.85
2016-06-08,2119.12,250.04
2016-06-09,2115.48,250.19
2016-06-10,2096.07,248.96
2016-06-13,2079.06,244.05
2016-06-14,2075.32,243.35
2016-06-15,2071.5,243.3
2016-06-16,2077.99,241.61
2016-06-17,2071.22,241.63
2016-06-20,2083.25,245.17
2016-06-21,2088.9,245.34
2016-06-22,2085.45,246.75
2016-06-23,2113.32,246.31
2016-06-24,2037.41,239.21
2016-06-27,2000.54,239.28
2016-06-28,2036.09,240.08
2016-06-29,2070.77,242.32
2016-06-30,2098.86,244.14
2016-07-01,2102.95,246.52
2016-07-04,2102.95,247.62
2016-07-05,2088.55,246.91
2016-07-06,2099.73,241.86
2016-07-07,2097.9,244.6
2016-07-08,2129.9,243.43
2016-07-11,2137.16,246.99
2016-07-12,2152.14,247.14
2016-07-13,2152.43,249.25
2016-07-14,2163.75,249.8
2016-07-15,2161.74,251.02
2016-07-18,2166.89,251.52
2016-07-19,2163.78,250.97
2016-07-20,2173.02,250.66
2016-07-21,2165.17,250.44
2016-07-22,2175.03,250.04
2016-07-25,2168.48,250.65
2016-07-26,2169.18,252.72
2016-07-27,2166.58,252.73
2016-07-28,2170.06,251.86
2016-07-29,2173.6,251.48
2016-08-01,2170.84,253.81
2016-08-02,2157.03,251.93
2016-08-03,2163.79,248.65
2016-08-04,2164.25,249.24
2016-08-05,2182.87,252.36
2016-08-08,2180.89,254.11
2016-08-09,2181.74,255.85
2016-08-10,2175.49,255.43
2016-08-11,2185.79,256.18
2016-08-12,2184.05,256.17
2016-08-15,2190.15,256.17
2016-08-16,2178.15,256.15
2016-08-17,2182.22,256.04
2016-08-18,2187.02,258.11
2016-08-19,2183.87,258.69
2016-08-22,2182.64,257.27
2016-08-23,2186.9,258.42
2016-08-24,2175.44,257.3
2016-08-25,2172.47,257.26
2016-08-26,2169.04,256.23
2016-08-29,2180.38,256.49
2016-08-30,2176.12,257.49
2016-08-31,2170.95,256.87
2016-09-01,2170.86,256.03
2016-09-02,2179.98,256.5
2016-09-05,2179.98,259.64
2016-09-06,2186.48,260.93
2016-09-07,2186.16,260.31
2016-09-08,2181.3,260.86
2016-09-09,2127.81,257.31
2016-09-12,2159.04,250.53
2016-09-13,2127.02,251.77
2016-09-14,2125.77,251.77
2016-09-15,2147.26,251.77
2016-09-16,2139.16,251.77
2016-09-19,2139.12,253.93
2016-09-20,2139.76,255.09
2016-09-21,2163.12,256.52
2016-09-22,2177.18,258.34
2016-09-23,2164.69,258.37
2016-09-26,2146.1,257.48
2016-09-27,2159.93,259.57
2016-09-28,2171.37,258.21
2016-09-29,2151.13,260.35
2016-09-30,2168.27,257.49
2016-10-03,2161.2,257.49
2016-10-04,2150.49,259.18
2016-10-05,2159.73,258.99
2016-10-06,2160.77,261.13
2016-10-07,2153.74,260.06
2016-10-10,2163.66,260.31
2016-10-11,2136.73,256.15
2016-10-12,2139.18,256.2
2016-10-13,2132.55,253.93
2016-10-14,2132.98,255.09
2016-10-17,2126.5,256.19
2016-10-18,2139.6,257.98
2016-10-19,2144.29,258.21
2016-10-20,2141.34,258.41
2016-10-21,2141.16,257.26
2016-10-24,2151.33,259.48
2016-10-25,2143.16,258.57
2016-10-26,2139.43,255.52
2016-10-27,2133.04,256.66
2016-10-28,2126.41,256.53
2016-10-31,2126.15,255.93
2016-11-01,2111.72,255.99
2016-11-02,2097.94,252.83
2016-11-03,2088.66,252.9
2016-11-04,2085.18,252.57
2016-11-07,2131.52,254.6
2016-11-08,2139.56,255.26
2016-11-09,2163.26,249.67
2016-11-10,2167.48,255.31
2016-11-11,2164.45,251.99
2016-11-14,2164.2,250.01
2016-11-15,2180.39,249.2
2016-11-16,2176.94,250.32
2016-11-17,2187.12,250.46
2016-11-18,2181.9,250.21
2016-11-21,2198.18,249.51
2016-11-22,2202.94,252.37
2016-11-23,2204.72,253.66
2016-11-24,2204.72,252.03
2016-11-25,2213.35,252.26
2016-11-28,2201.72,252.96
2016-11-29,2204.66,252.91
2016-11-30,2198.81,254.26
2016-12-01,2191.08,254.48
2016-12-02,2191.95,252.88
2016-12-05,2204.71,252.14
2016-12-06,2212.23,255.63
2016-12-07,2241.35,256.34
2016-12-08,2246.19,262
2016-12-09,2259.53,260.91
2016-12-12,2256.96,260.72
2016-12-13,2271.72,261.63
2016-12-14,2253.28,262
2016-12-15,2262.03,261.45
2016-12-16,2258.07,262.56
2016-12-19,2262.53,261.93
2016-12-20,2270.76,262.59
2016-12-21,2265.18,262.1
2016-12-22,2260.96,261.97
2016-12-23,2263.79,261.61
2016-12-26,2263.79,261.9
2016-12-27,2268.88,262.49
2016-12-28,2249.92,259.7
2016-12-29,2249.26,260.01
2016-12-30,2238.83,260.01
2017-01-02,2238.83,260.36
2017-01-03,2257.83,262.97
2017-01-04,2270.75,263.12
2017-01-05,2269,261.98
2017-01-06,2276.98,263.2
2017-01-09,2268.9,263.74
2017-01-10,2268.9,263.73
2017-01-11,2275.32,268.15
2017-01-12,2270.44,269.95
2017-01-13,2274.64,267.91
2017-01-16,2274.64,266.15
2017-01-17,2267.89,267.37
2017-01-18,2271.89,267.08
2017-01-19,2263.69,267.7
2017-01-20,2271.31,266.52
2017-01-23,2265.2,267.12
2017-01-24,2280.07,267.3
2017-01-25,2298.37,268.15
2017-01-26,2296.68,270.48
2017-01-27,2294.69,270.48
2017-01-30,2280.9,270.48
2017-01-31,2278.87,268.09
2017-02-01,2279.55,269.56
2017-02-02,2280.85,268.49
2017-02-03,2297.42,268.85
2017-02-06,2292.56,269.49
2017-02-07,2293.08,268.97
2017-02-08,2294.67,267.72
2017-02-09,2307.87,267.69
2017-02-10,2316.1,268.66
2017-02-13,2328.25,268.81
2017-02-14,2337.58,267.9
2017-02-15,2349.25,268.81
2017-02-16,2347.22,268.93
2017-02-17,2351.16,268.84
2017-02-20,2351.16,269.73
2017-02-21,2365.38,272.11
2017-02-22,2362.82,272.85
2017-02-23,2363.81,272.89
2017-02-24,2367.34,270.38
2017-02-27,2369.75,268.97
2017-02-28,2363.64,270.06
2017-03-01,2395.96,270.06
2017-03-02,2381.92,272.65
2017-03-03,2383.12,269.77
2017-03-06,2375.31,270.41
2017-03-07,2368.39,271.87
2017-03-08,2362.98,272.29
2017-03-09,2364.87,271.62
2017-03-10,2372.6,272.29
2017-03-13,2373.47,275.41
2017-03-14,2365.45,277.89
2017-03-15,2385.26,277.89
2017-03-16,2381.38,280.11
2017-03-17,2378.25,281.86
2017-03-20,2373.47,280.75
2017-03-21,2344.02,283.84
2017-03-22,2348.45,282.63
2017-03-23,2345.96,282.81
2017-03-24,2343.98,282.31
2017-03-27,2341.59,280.36
2017-03-28,2358.57,281.25
2017-03-29,2361.13,281.86
2017-03-30,2368.06,281.66
2017-03-31,2362.72,280.64
2017-04-03,2358.84,281.6
2017-04-04,2360.16,280.92
2017-04-05,2352.95,280.74
2017-04-06,2357.49,279.47
2017-04-07,2355.54,279.01
2017-04-10,2357.16,277.21
2017-04-11,2353.78,275.49
2017-04-12,2344.93,276.21
2017-04-13,2328.95,279.12
2017-04-14,2328.95,277.31
2017-04-17,2349.01,278.1
2017-04-18,2342.19,278.23
2017-04-19,2338.17,276.49
2017-04-20,2355.84,277.76
2017-04-21,2348.69,280.05
2017-04-24,2374.15,281.96
2017-04-25,2388.61,285.41
2017-04-26,2387.45,286.78
2017-04-27,2388.77,287.34
2017-04-28,2384.2,287.21
2017-05-01,2388.33,287.21
2017-05-02,2391.17,289.65
2017-05-03,2388.13,289.65
2017-05-04,2389.52,292.47
2017-05-05,2399.29,292.47
2017-05-08,2399.38,299.86
2017-05-09,2396.92,299.86
2017-05-10,2399.63,296.19
2017-05-11,2394.44,299.75
2017-05-12,2390.9,298.25
2017-05-15,2402.32,298.87
2017-05-16,2400.67,299.67
2017-05-17,2357.03,299.34
2017-05-18,2365.72,298.47
2017-05-19,2381.73,298.08
2017-05-22,2394.02,300.63
2017-05-23,2398.42,301.36
2017-05-24,2404.39,301.71
2017-05-25,2415.07,305.22
2017-05-26,2415.82,306.96
2017-05-29,2415.82,306.52
2017-05-30,2412.91,304.59
2017-05-31,2411.8,304.67
2017-06-01,2430.06,304.03
2017-06-02,2439.07,307.83
2017-06-05,2436.1,307.33
2017-06-06,2429.33,307.33
2017-06-07,2433.14,305.68
2017-06-08,2433.79,306.25
2017-06-09,2431.77,309.38
2017-06-12,2429.39,306.24
2017-06-13,2440.35,308.02
2017-06-14,2437.92,307.95
2017-06-15,2432.46,306.69
2017-06-16,2433.15,306.79
2017-06-19,2453.46,308.61
2017-06-20,2437.03,309.31
2017-06-21,2435.61,307.52
2017-06-22,2434.5,309.47
2017-06-23,2438.3,310.26
2017-06-26,2439.07,311.89
2017-06-27,2419.38,312.12
2017-06-28,2440.69,310.84
2017-06-29,2419.7,312.56
2017-06-30,2423.41,311.76
2017-07-03,2429.01,312.39
2017-07-04,2429.01,310.46
2017-07-05,2432.54,311.77
2017-07-06,2409.75,311.88
2017-07-07,2425.18,310.66
2017-07-10,2427.43,311.46
2017-07-11,2425.53,313.59
2017-07-12,2443.25,313.58
2017-07-13,2447.83,316.35
2017-07-14,2459.27,317.35
2017-07-17,2459.14,318.52
2017-07-18,2460.61,318.65
2017-07-19,2473.83,318.91
2017-07-20,2473.45,320.61
2017-07-21,2472.54,321.79
2017-07-24,2469.91,322.01
2017-07-25,2477.13,320.15
2017-07-26,2477.83,319.46
2017-07-27,2475.42,320.51
2017-07-28,2472.1,314.13
2017-07-31,2470.3,314.6
2017-08-01,2476.35,317.04
2017-08-02,2477.57,317.69
2017-08-03,2472.16,312.29
2017-08-04,2476.83,313.46
2017-08-07,2480.91,313.96
2017-08-08,2474.92,313.4
2017-08-09,2474.02,309.52
2017-08-10,2438.21,308.37
2017-08-11,2441.32,302.72
2017-08-14,2465.84,304.93
2017-08-15,2464.61,304.93
2017-08-16,2468.11,307.16
2017-08-17,2430.01,309.02
2017-08-18,2425.55,308.39
2017-08-21,2428.37,308.14
2017-08-22,2452.51,309.34
2017-08-23,2444.04,309.71
2017-08-24,2438.97,310.73
2017-08-25,2443.05,311.21
2017-08-28,2444.24,309.53
2017-08-29,2446.3,308.64
2017-08-30,2457.59,309.65
2017-08-31,2471.65,308.28
2017-09-01,2476.55,307.78
2017-09-04,2476.55,304.19
2017-09-05,2457.85,304.06
2017-09-06,2465.54,303.18
2017-09-07,2465.1,306.97
2017-09-08,2461.43,307.43
2017-09-11,2488.11,309.83
2017-09-12,2496.48,310.42
2017-09-13,2498.37,310
2017-09-14,2495.62,312.52
2017-09-15,2500.23,313.69
2017-09-18,2503.87,318.93
2017-09-19,2506.65,318.51
2017-09-20,2508.24,318.48
2017-09-21,2500.6,318.25
2017-09-22,2502.22,316.71
2017-09-25,2496.66,316.4
2017-09-26,2496.84,314.29
2017-09-27,2507.04,313.82
2017-09-28,2510.06,313.85
2017-09-29,2519.36,316.27
2017-10-02,2529.12,316.27
2017-10-03,2534.58,316.27
2017-10-04,2537.74,316.27
2017-10-05,2552.07,316.27
2017-10-06,2549.33,316.27
2017-10-09,2544.73,316.27
2017-10-10,2550.64,322.49
2017-10-11,2555.24,326.12
2017-10-12,2550.93,328.11
2017-10-13,2553.17,327.35
2017-10-16,2557.64,327.82
2017-10-17,2559.36,328.51
2017-10-18,2561.26,328.4
2017-10-19,2562.1,326.47
2017-10-20,2575.21,328.89
2017-10-23,2564.98,329.45
2017-10-24,2569.13,328.96
2017-10-25,2557.15,329.31
2017-10-26,2560.4,326.99
2017-10-27,2581.07,329.23
2017-10-30,2572.83,330.38
2017-10-31,2575.26,333.57
2017-11-01,2579.36,338.76
2017-11-02,2579.85,337.53
2017-11-03,2587.84,338.83
2017-11-06,2591.13,337.4
2017-11-07,2590.64,336.76
2017-11-08,2594.38,337.8
2017-11-09,2584.62,337.14
2017-11-10,2582.3,335.96
2017-11-13,2584.84,334.33
2017-11-14,2578.87,333.62
2017-11-15,2564.62,332.17
2017-11-16,2585.64,334.36
2017-11-17,2578.85,334.18
2017-11-20,2582.14,332.92
2017-11-21,2599.03,333.51
2017-11-22,2597.08,335.49
2017-11-23,2597.08,334.51
2017-11-24,2602.42,335.44
2017-11-27,2601.42,329.53
2017-11-28,2627.04,330.99
2017-11-29,2626.07,330.68
2017-11-30,2647.58,325.25
2017-12-01,2642.22,324.78
2017-12-04,2639.44,328.77
2017-12-05,2629.57,329.61
2017-12-06,2629.27,324.52
2017-12-07,2636.98,323.59
2017-12-08,2651.5,324.68
2017-12-11,2659.99,325.09
2017-12-12,2664.11,324.07
2017-12-13,2662.85,326.18
2017-12-14,2652.01,324.74
2017-12-15,2675.81,326.23
2017-12-18,2690.16,326.6
2017-12-19,2681.47,326.76
2017-12-20,2679.25,325.79
2017-12-21,2684.57,319.72
2017-12-22,2683.34,321.21
2017-12-26,2680.5,318.89
2017-12-27,2682.62,320.25
2017-12-28,2687.54,324.74
2017-12-29,2673.61,324.74
